iteration,goal_success_rate,collision_rate,wall_hit_rate,average_final_distance,average_episode_length,average_path_length
1,0.0,100.0,0.0,8.321041107177734,636.0,20.09100341796875
2,0.0,100.0,0.0,16.686670303344727,135.0,7.4138898849487305
3,0.0,100.0,0.0,17.0805606842041,130.0,7.15818452835083
4,100.0,0.0,0.0,0.4683261215686798,471.0,27.122852325439453
5,0.0,0.0,100.0,15.659029006958008,220.0,13.678862571716309
6,0.0,0.0,100.0,17.443984985351562,211.0,12.563836097717285
7,0.0,100.0,0.0,1.1869239807128906,521.0,31.851850509643555
8,0.0,100.0,0.0,4.071086406707764,680.0,37.234737396240234
9,0.0,100.0,0.0,4.0699334144592285,673.0,36.232479095458984
10,100.0,0.0,0.0,0.47634753584861755,478.0,31.12337875366211
